title,citation_count,google_scholar_url,num_figures,num_tables,url,id,dropbox
Moses&colon; Open source toolkit for statistical machine translation,2791,https://scholar.google.com/citations?view_op=view_citation&hl=en&user=nv-MV58AAAAJ&pagesize=100&sortby=title&citation_for_view=nv-MV58AAAAJ:u5HHmVD_uO8C,3,0,http://cis.upenn.edu/~ccb/publications/moses-toolkit.pdf,moses-toolkit,https://www.dropbox.com/request/74RK0QcO1OhiPaaOpzoN
Findings of the 2011 Workshop on Statistical Machine Translation,452,https://scholar.google.com/citations?view_op=view_citation&hl=en&user=nv-MV58AAAAJ&pagesize=100&citation_for_view=nv-MV58AAAAJ:p2g8aNsByqUC,1,11,http://cis.upenn.edu/~ccb/publications/findings-of-the-wmt11-shared-tasks.pdf,findings-of-the-wmt11-shared-tasks,https://www.dropbox.com/request/61mdnFHXY23xK31YGUrj
Findings of the 2009 Workshop on Statistical Machine Translation,451,https://scholar.google.com/citations?view_op=view_citation&hl=en&user=nv-MV58AAAAJ&pagesize=100&citation_for_view=nv-MV58AAAAJ:UeHWp8X0CEIC,6,11,http://cis.upenn.edu/~ccb/publications/findings-of-the-wmt09-shared-tasks.pdf,findings-of-the-wmt09-shared-tasks,https://www.dropbox.com/request/WS20ewvmCqwfCemCkv5y
Re-evaluating the Role of Bleu in Machine Translation Research,404,https://scholar.google.com/citations?view_op=view_citation&hl=en&user=nv-MV58AAAAJ&cstart=100&pagesize=100&sortby=title&citation_for_view=nv-MV58AAAAJ:u-x6o8ySG0sC,0,0,http://cis.upenn.edu/~ccb/publications/re-evaluating-the-role-of-bleu-in-mt-research.pdf,re-evaluating-the-role-of-bleu-in-mt-research,https://www.dropbox.com/request/1vIi9OkJY1Kdd2dHvDgt
Paraphrasing with Bilingual Parallel Corpora,378,https://scholar.google.com/citations?view_op=view_citation&hl=en&user=nv-MV58AAAAJ&pagesize=100&sortby=title&citation_for_view=nv-MV58AAAAJ:d1gkVwhDpl0C,4,3,http://cis.upenn.edu/~ccb/publications/paraphrasing-with-bilingual-parallel-corpora.pdf,paraphrasing-with-bilingual-parallel-corpora,https://www.dropbox.com/request/HyKRFabZDOD6JLTGcAez
Fast Cheap and Creative&colon; Evaluating Translation Quality Using Amazon's Mechanical Turk,290,https://scholar.google.com/citations?view_op=view_citation&hl=en&user=nv-MV58AAAAJ&pagesize=100&sortby=title&citation_for_view=nv-MV58AAAAJ:qjMakFHDy7sC,4,3,http://cis.upenn.edu/~ccb/publications/mechanical-turk-for-machine-translation-evaluation.pdf,mechanical-turk-for-machine-translation-evaluation,https://www.dropbox.com/request/VltxwB9gFmcmXhavx1zy
Edinburgh System Description for the 2005 IWSLT Speech Translation Evaluation,239,https://scholar.google.com/citations?view_op=view_citation&hl=en&user=nv-MV58AAAAJ&pagesize=100&citation_for_view=nv-MV58AAAAJ:2osOgNQ5qMEC,6,6,http://cis.upenn.edu/~ccb/publications/iwslt05-report.pdf,iwslt05-report,https://www.dropbox.com/request/ukJ263jwOLgFgvJqSaMp
Improved Statistical Machine Translation Using Paraphrases,230,https://scholar.google.com/citations?view_op=view_citation&hl=en&user=nv-MV58AAAAJ&pagesize=100&citation_for_view=nv-MV58AAAAJ:9yKSN-GCB0IC,6,3,http://cis.upenn.edu/~ccb/publications/improved-statistical-machine-translation-using-paraphrases.pdf,improved-statistical-machine-translation-using-paraphrases,https://www.dropbox.com/request/wWKFUTP281Fi4thTrIDA
Further Meta-Evaluation of Machine Translation,204,https://scholar.google.com/citations?view_op=view_citation&hl=en&user=nv-MV58AAAAJ&pagesize=100&sortby=title&citation_for_view=nv-MV58AAAAJ:Tyk-4Ss8FVUC,3,11,http://cis.upenn.edu/~ccb/publications/further-meta-evaluation-of-machine-tranlsion.pdf,further-meta-evaluation-of-machine-tranlsion,https://www.dropbox.com/request/q4ilRAEHrm1jw2bEswiR
Creating Speech and Language Data With Amazon’s Mechanical Turk,198,https://scholar.google.com/citations?view_op=view_citation&hl=en&user=nv-MV58AAAAJ&pagesize=100&sortby=title&citation_for_view=nv-MV58AAAAJ:roLk4NBRz8UC,1,0,http://cis.upenn.edu/~ccb/publications/creating-speech-and-language-data-with-amazon-mechanical-turk.pdf,creating-speech-and-language-data-with-amazon-mechanical-turk,https://www.dropbox.com/request/YHMZsAfedcCYt91j6nBo
Joshua&colon; An Open Source Toolkit for Parsing-based Machine Translation,165,https://scholar.google.com/citations?view_op=view_citation&hl=en&user=nv-MV58AAAAJ&pagesize=100&sortby=title&citation_for_view=nv-MV58AAAAJ:zYLM7Y9cAGgC,0,1,http://cis.upenn.edu/~ccb/publications/joshua-open-source-toolkit-for-statistical-machine-translation.pdf,joshua-open-source-toolkit-for-statistical-machine-translation,https://www.dropbox.com/request/YGAzsHp9drlaVArvHShv
Crowdsourcing Translation&colon; Professional Quality from Non-Professionals,156,https://scholar.google.com/citations?view_op=view_citation&hl=en&user=nv-MV58AAAAJ&pagesize=100&sortby=title&citation_for_view=nv-MV58AAAAJ:4DMP91E08xMC,5,1,http://cis.upenn.edu/~ccb/publications/crowdsourcing-translation.pdf,crowdsourcing-translation,https://www.dropbox.com/request/734EpCoDU2C8A49ghnHT
Findings of the 2010 Joint Workshop on Statistical Machine Translation and Metrics for Machine Translation,145,https://scholar.google.com/citations?view_op=view_citation&hl=en&user=nv-MV58AAAAJ&pagesize=100&citation_for_view=nv-MV58AAAAJ:YsMSGLbcyi4C,4,11,http://cis.upenn.edu/~ccb/publications/findings-of-wmt10-and-metrics-matr.pdf,findings-of-wmt10-and-metrics-matr,https://www.dropbox.com/request/dibLQtLbNWMhiTENIaYG
Syntactic Constraints on Paraphrases Extracted from Parallel Corpora,139,https://scholar.google.com/citations?view_op=view_citation&hl=en&user=nv-MV58AAAAJ&pagesize=100&citation_for_view=nv-MV58AAAAJ:IjCSPb-OGe4C,2,6,http://cis.upenn.edu/~ccb/publications/syntactic-constraints-on-paraphrases.pdf,syntactic-constraints-on-paraphrases,https://www.dropbox.com/request/HBNFh42pf4ajDkiUQGcT
Improved Statistical Machine Translation Using Monolingually-Derived Paraphrases,102,https://scholar.google.com/citations?view_op=view_citation&hl=en&user=nv-MV58AAAAJ&pagesize=100&citation_for_view=nv-MV58AAAAJ:LkGwnXOMwfcC,0,6,http://cis.upenn.edu/~ccb/publications/improved-translation-with-monolingually-derived-paraphrases.pdf,improved-translation-with-monolingually-derived-paraphrases,https://www.dropbox.com/request/VUqS0TWvvhREajFNilW7
Statistical Machine Translation with Word- and Sentence-Aligned Parallel Corpora,98,https://scholar.google.com/citations?view_op=view_citation&hl=en&user=nv-MV58AAAAJ&cstart=100&pagesize=100&sortby=title&citation_for_view=nv-MV58AAAAJ:Y0pCki6q_DkC,4,6,https://www.cis.upenn.edu/~ccb/publications/smt-with-word-and-sentence-aligned-parallel-corpora.pdf,smt-with-word-and-sentence-aligned-parallel-corpora,https://www.dropbox.com/request/oJucjsBb8Gc6pGKMNkID
Cheap Fast and Good Enough&colon; Automatic Speech Recognition with Non-Expert Transcription,97,https://scholar.google.com/citations?view_op=view_citation&hl=en&user=nv-MV58AAAAJ&pagesize=100&sortby=title&citation_for_view=nv-MV58AAAAJ:ufrVoPGSRksC,7,1,http://cis.upenn.edu/~ccb/publications/automatic-speech-recognition-with-non-expert-transcription.pdf,automatic-speech-recognition-with-non-expert-transcription,https://www.dropbox.com/request/vWv26qPbORYlXfHBCo53
(Meta-) Evaluation of Machine Translation,87,https://scholar.google.com/citations?view_op=view_citation&hl=en&user=nv-MV58AAAAJ&pagesize=100&citation_for_view=nv-MV58AAAAJ:f2IySw72cVMC,4,11,http://cis.upenn.edu/~ccb/publications/meta-evaluation-of-machine-tranlsion.pdf,meta-evaluation-of-machine-tranlsion,https://www.dropbox.com/request/M8iFUCZdnGumqf75XpK3
Scaling Phrase-Based Statistical Machine Translation to Larger Corpora and Longer Phrases,82,https://scholar.google.com/citations?view_op=view_citation&hl=en&user=nv-MV58AAAAJ&cstart=100&pagesize=100&sortby=title&citation_for_view=nv-MV58AAAAJ:W7OEmFMy1HYC,2,6,http://cis.upenn.edu/~ccb/publications/scaling-phrase-based-statistical-machine-translation.pdf,scaling-phrase-based-statistical-machine-translation,https://www.dropbox.com/request/8wHmeZq8ye8Ulzy7Y8VV
PPDB&colon; The Paraphrase Database,76,https://scholar.google.com/citations?view_op=view_citation&hl=en&user=nv-MV58AAAAJ&cstart=100&pagesize=100&sortby=title&citation_for_view=nv-MV58AAAAJ:4fKUyHm3Qg0C,4,2,http://cis.upenn.edu/~ccb/publications/ppdb.pdf,ppdb,https://www.dropbox.com/request/t6Q1EvUQRlr1R0WhcQk5
A program for automatically selecting the best output from multiple machine translation engines,64,https://scholar.google.com/citations?view_op=view_citation&hl=en&user=nv-MV58AAAAJ&pagesize=100&sortby=title&citation_for_view=nv-MV58AAAAJ:eQOLeE2rZwMC,0,4,http://cis.upenn.edu/~ccb/publications/multi-engine-mt-with-language-models.pdf,multi-engine-mt-with-language-models,https://www.dropbox.com/request/vTiVBbQndb7Cv5yKkJRL
Constructing Corpora for the Development and Evaluation of Paraphrase Systems,64,https://scholar.google.com/citations?view_op=view_citation&hl=en&user=nv-MV58AAAAJ&pagesize=100&citation_for_view=nv-MV58AAAAJ:hqOjcs7Dif8C,5,5,http://cis.upenn.edu/~ccb/publications/constructing-corpora-for-paraphrase-systems.pdf,constructing-corpora-for-paraphrase-systems,https://www.dropbox.com/request/3TQzC3pEb7vIN72K3N4H
Paraphrasing and Translation,53,https://scholar.google.com/citations?view_op=view_citation&hl=en&user=nv-MV58AAAAJ&pagesize=100&citation_for_view=nv-MV58AAAAJ:Se3iqnhoufwC,11,11,http://cis.upenn.edu/~ccb/publications/callison-burch-thesis.pdf,callison-burch-thesis,https://www.dropbox.com/request/oTN6kiN90fKyXZyNnqRF
Constraining the Phrase-Based Joint Probability Statistical Translation Model,49,https://scholar.google.com/citations?view_op=view_citation&hl=en&user=nv-MV58AAAAJ&pagesize=100&citation_for_view=nv-MV58AAAAJ:_FxGoFyzp5QC,0,3,http://cis.upenn.edu/~ccb/publications/constraining-the-phrase-based-joint-probability-model.pdf,constraining-the-phrase-based-joint-probability-model,https://www.dropbox.com/request/zZbwJog157fjayCIGPMq
Machine Translation of Arabic Dialects,46,https://scholar.google.com/citations?view_op=view_citation&hl=en&user=nv-MV58AAAAJ&pagesize=100&sortby=title&citation_for_view=nv-MV58AAAAJ:P5F9QuxV20EC,4,7,http://cis.upenn.edu/~ccb/publications/machine-translation-of-arabic-dialects.pdf,machine-translation-of-arabic-dialects,https://www.dropbox.com/request/lMqNJubIIUmIZci0ftRz
Improving Translation Lexicon Induction from Monolingual Corpora via Dependency Contexts and Part-of-Speech Equivalences,42,https://scholar.google.com/citations?view_op=view_citation&hl=en&user=nv-MV58AAAAJ&pagesize=100&sortby=title&citation_for_view=nv-MV58AAAAJ:KlAtU1dfN6UC,6,6,http://cis.upenn.edu/~ccb/publications/improving-translation-lexicon-induction.pdf,improving-translation-lexicon-induction,https://www.dropbox.com/request/f8fMLfzazCWDk0pNAmdx
Stream-based Translation Models for Statistical Machine Translation,40,https://scholar.google.com/citations?view_op=view_citation&hl=en&user=nv-MV58AAAAJ&cstart=100&pagesize=100&sortby=title&citation_for_view=nv-MV58AAAAJ:aqlVkmm33-oC,4,4,http://cis.upenn.edu/~ccb/publications/stream-based-translation-models.pdf,stream-based-translation-models,https://www.dropbox.com/request/bZKpZT19Sr8wFcI1ya0G
Co-Training for Statistical Machine Translation,34,https://scholar.google.com/citations?view_op=view_citation&hl=en&user=nv-MV58AAAAJ&pagesize=100&citation_for_view=nv-MV58AAAAJ:WF5omc3nYNoC,5,1,http://cis.upenn.edu/~ccb/publications/co-training-for-smt.pdf,co-training-for-smt,https://www.dropbox.com/request/anuCu09cu9ZyfapRaoLH
Learning Sentential Paraphrases from Bilingual Parallel Corpora for Text-to-Text Generation,34,https://scholar.google.com/citations?view_op=view_citation&hl=en&user=nv-MV58AAAAJ&pagesize=100&sortby=title&citation_for_view=nv-MV58AAAAJ:J_g5lzvAfSwC,3,5,http://cis.upenn.edu/~ccb/publications/learning-sentential-paraphrases-from-bilingual-parallel-corpora.pdf,learning-sentential-paraphrases-from-bilingual-parallel-corpora,https://www.dropbox.com/request/NXdIZpZjW82lv4TePquv
Using Mechanical Turk to Build Machine Translation Evaluation Sets,34,https://scholar.google.com/citations?view_op=view_citation&hl=en&user=nv-MV58AAAAJ&cstart=100&pagesize=100&sortby=title&citation_for_view=nv-MV58AAAAJ:7PzlFSSx8tAC,0,2,http://cis.upenn.edu/~ccb/publications/using-mechanical-turk-to-build-machine-translation-evaluation-sets.pdf,using-mechanical-turk-to-build-machine-translation-evaluation-sets,https://www.dropbox.com/request/Mo7w7XN4oLMg6gow0gQM
ParaMetric&colon; An Automatic Evaluation Metric for Paraphrasing,33,https://scholar.google.com/citations?view_op=view_citation&hl=en&user=nv-MV58AAAAJ&pagesize=100&sortby=title&citation_for_view=nv-MV58AAAAJ:UebtZRa9Y70C,3,3,http://cis.upenn.edu/~ccb/publications/parametric.pdf,parametric,https://www.dropbox.com/request/9bMDMjMmdza9lzUbBPs9
The Arabic Online Commentary Dataset&colon; An Annotated Dataset of Informal Arabic with High Dialectal Content,33,https://scholar.google.com/citations?view_op=view_citation&hl=en&user=nv-MV58AAAAJ&cstart=100&pagesize=100&sortby=title&citation_for_view=nv-MV58AAAAJ:hMod-77fHWUC,3,3,http://cis.upenn.edu/~ccb/publications/arabic-dialect-corpus.pdf,arabic-dialect-corpus,https://www.dropbox.com/request/v3nq1tDIp8o1Jne7l3eY
Arabic Dialect Identification,32,https://scholar.google.com/citations?view_op=view_citation&hl=en&user=nv-MV58AAAAJ&pagesize=100&citation_for_view=nv-MV58AAAAJ:fQNAKQ3IYiAC,11,8,http://cis.upenn.edu/~ccb/publications/arabic-dialect-id.pdf,arabic-dialect-id,https://www.dropbox.com/request/CHr8JGFw4VEjNOeiJIgm
Constructing Parallel Corpora for Six Indian Languages via Crowdsourcing,31,https://scholar.google.com/citations?view_op=view_citation&hl=en&user=nv-MV58AAAAJ&pagesize=100&sortby=title&citation_for_view=nv-MV58AAAAJ:UxriW0iASnsC,6,9,http://cis.upenn.edu/~ccb/publications/constructing-parallel-corpora-for-six-indian-languages-via-crowdsourcing.pdf,constructing-parallel-corpora-for-six-indian-languages-via-crowdsourcing,https://www.dropbox.com/request/jL5BrqIyX8byv03UaOEL
A Compact Data Structure for Searchable Translation Memories,27,https://scholar.google.com/citations?view_op=view_citation&hl=en&user=nv-MV58AAAAJ&pagesize=100&citation_for_view=nv-MV58AAAAJ:MXK_kJrjxJIC,5,0,http://cis.upenn.edu/~ccb/publications/compact-data-structure-for-searchable-translation-memories.pdf,compact-data-structure-for-searchable-translation-memories,https://www.dropbox.com/request/Eb0mfSvCQrPyNEwFjP7V
Dirt Cheap Web-Scale Parallel Text from the Common Crawl,27,https://scholar.google.com/citations?view_op=view_citation&hl=en&user=nv-MV58AAAAJ&pagesize=100&sortby=title&citation_for_view=nv-MV58AAAAJ:geHnlv5EZngC,0,11,http://cis.upenn.edu/~ccb/publications/bitexts-from-common-crawl.pdf,bitexts-from-common-crawl,https://www.dropbox.com/request/VqcWltaQJ8pv34oWRQ0y
Joshua 4.0&colon; Packing PRO and Paraphrases,25,https://scholar.google.com/citations?view_op=view_citation&hl=en&user=nv-MV58AAAAJ&pagesize=100&sortby=title&citation_for_view=nv-MV58AAAAJ:dshw04ExmUIC,3,5,http://cis.upenn.edu/~ccb/publications/joshua-4.0.pdf,joshua-4.0,https://www.dropbox.com/request/3926sO1QHoe6AnmOrkGc
Feasibility of Human-in-the-loop Minimum Error Rate Training,24,https://scholar.google.com/citations?view_op=view_citation&hl=en&user=nv-MV58AAAAJ&pagesize=100&citation_for_view=nv-MV58AAAAJ:kNdYIx-mwKoC,3,2,http://cis.upenn.edu/~ccb/publications/HMERT.pdf,HMERT,https://www.dropbox.com/request/YlbURMFD9QbYWJIMTKvD
Large-Scale Cost-Focused Active Learning for Statistical Machine Translation,24,https://scholar.google.com/citations?view_op=view_citation&hl=en&user=nv-MV58AAAAJ&pagesize=100&sortby=title&citation_for_view=nv-MV58AAAAJ:qxL8FJ1GzNcC,11,0,http://cis.upenn.edu/~ccb/publications/cost-focused-active-learning-for-statistical-machine-translation.pdf,cost-focused-active-learning-for-statistical-machine-translation,https://www.dropbox.com/request/6kRXBZv9SUMFwsBX6B6R
Paraphrase Substitution for Recognizing Textual Entailment,24,https://scholar.google.com/citations?view_op=view_citation&hl=en&user=nv-MV58AAAAJ&pagesize=100&sortby=title&citation_for_view=nv-MV58AAAAJ:8k81kl-MbHgC,3,3,http://cis.upenn.edu/~ccb/publications/paraphrase-substitution-for-recognizing-textual-entailment.pdf,paraphrase-substitution-for-recognizing-textual-entailment,https://www.dropbox.com/request/uVEHmEMMUgS5dKHywxWA
Reranking Bilingually Extracted Paraphrases Using Monolingual Distributional Similarity,24,https://scholar.google.com/citations?view_op=view_citation&hl=en&user=nv-MV58AAAAJ&cstart=100&pagesize=100&sortby=title&citation_for_view=nv-MV58AAAAJ:JV2RwH3_ST0C,4,3,http://cis.upenn.edu/~ccb/publications/reranking-bilingually-extracted-paraphrases-using-monolingual-distributional-similarity.pdf,reranking-bilingually-extracted-paraphrases-using-monolingual-distributional-similarity,https://www.dropbox.com/request/Tmy4m71jFzcaJ28cFzdi
Bootstrapping Parallel Corpora,22,https://scholar.google.com/citations?view_op=view_citation&hl=en&user=nv-MV58AAAAJ&pagesize=100&sortby=title&citation_for_view=nv-MV58AAAAJ:5nxA0vEk-isC,4,1,http://cis.upenn.edu/~ccb/publications/bootstrapping-parallel-corpora.pdf,bootstrapping-parallel-corpora,https://www.dropbox.com/request/Flk5PFXH9la0rLK6Qx2B
Paraphrase Fragment Extraction from Monolingual Comparable Corpora,22,https://scholar.google.com/citations?view_op=view_citation&hl=en&user=nv-MV58AAAAJ&pagesize=100&citation_for_view=nv-MV58AAAAJ:NaGl4SEjCO4C,3,5,http://cis.upenn.edu/~ccb/publications/paraphrase-fragment-extraction-from-monolingual-comparable-corpora.pdf,paraphrase-fragment-extraction-from-monolingual-comparable-corpora,https://www.dropbox.com/request/LtgwnOpmt1J1zJqQx30F
Use of Modality and Negation in Semantically-Informed Syntactic MT,22,https://scholar.google.com/citations?view_op=view_citation&hl=en&user=nv-MV58AAAAJ&pagesize=100&sortby=title&citation_for_view=nv-MV58AAAAJ:b0M2c_1WBrUC,11,2,http://cis.upenn.edu/~ccb/publications/modality-and-negation-in-semantically-informed-syntactic-mt.pdf,modality-and-negation-in-semantically-informed-syntactic-mt,https://www.dropbox.com/request/dK8xCckJV139gDJWcPOH
Evaluating sentence compression&colon; Pitfalls and suggested remedies,21,https://scholar.google.com/citations?view_op=view_citation&hl=en&user=nv-MV58AAAAJ&pagesize=100&sortby=title&citation_for_view=nv-MV58AAAAJ:_Qo2XoVZTnwC,1,2,http://cis.upenn.edu/~ccb/publications/evaluating-sentence-compression-pitfalls-and-suggested-remedies.pdf,evaluating-sentence-compression-pitfalls-and-suggested-remedies,https://www.dropbox.com/request/CxWHTkjhsfBD6UBZtouS
Improved Statistical Translation Through Editing,21,https://scholar.google.com/citations?view_op=view_citation&hl=en&user=nv-MV58AAAAJ&pagesize=100&citation_for_view=nv-MV58AAAAJ:3fE2CSJIrl8C,6,0,http://cis.upenn.edu/~ccb/publications/improved-smt-through-editing.pdf,improved-smt-through-editing,https://www.dropbox.com/request/8id0uEY4LKeC1G7psxtG
Joshua 3.0&colon; Syntax-based Machine Translation with the Thrax Grammar Extractor,21,https://scholar.google.com/citations?view_op=view_citation&hl=en&user=nv-MV58AAAAJ&pagesize=100&sortby=title&citation_for_view=nv-MV58AAAAJ:R3hNpaxXUhUC,2,3,http://cis.upenn.edu/~ccb/publications/joshua-3.0.pdf,joshua-3.0,https://www.dropbox.com/request/xsrnvy8MPk7nSeykN3Z6
Answer Extraction as Sequence Tagging with Tree Edit Distance,20,https://scholar.google.com/citations?view_op=view_citation&hl=en&user=nv-MV58AAAAJ&pagesize=100&citation_for_view=nv-MV58AAAAJ:AXPGKjj_ei8C,6,4,http://cis.upenn.edu/~ccb/publications/answer-extraction-as-sequence-tagging.pdf,answer-extraction-as-sequence-tagging,https://www.dropbox.com/request/LHQv7fa12JRDEzPn2dpL
Decoding in Joshua&colon; Open Source Parsing-Based Machine Translation,20,https://scholar.google.com/citations?view_op=view_citation&hl=en&user=nv-MV58AAAAJ&pagesize=100&sortby=title&citation_for_view=nv-MV58AAAAJ:Zph67rFs4hoC,0,3,http://cis.upenn.edu/~ccb/publications/decoding-in-joshua.pdf,decoding-in-joshua,https://www.dropbox.com/request/QtMOw0cYJOS6HoYFmvOR
Secondary Benefits of Feedback and User Interaction in Machine Translation Tools,18,https://scholar.google.com/citations?view_op=view_citation&hl=en&user=nv-MV58AAAAJ&cstart=100&pagesize=100&sortby=title&citation_for_view=nv-MV58AAAAJ:YOwf2qJgpHMC,2,0,http://cis.upenn.edu/~ccb/publications/secondary-benefits-of-user-feedback-in-mt.pdf,secondary-benefits-of-user-feedback-in-mt,https://www.dropbox.com/request/L1AGDVATEVvx3jtPoBzU
Cheap Facts and Counter-Facts,17,https://scholar.google.com/citations?view_op=view_citation&hl=en&user=nv-MV58AAAAJ&pagesize=100&sortby=title&citation_for_view=nv-MV58AAAAJ:M3ejUd6NZC8C,0,5,http://cis.upenn.edu/~ccb/publications/cheap-facts-and-counter-facts.pdf,cheap-facts-and-counter-facts,https://www.dropbox.com/request/aKQ87azpmfh9XPxAWXFj
Incremental Syntactic Language Models for Phrase-based Translation,17,https://scholar.google.com/citations?view_op=view_citation&hl=en&user=nv-MV58AAAAJ&pagesize=100&sortby=title&citation_for_view=nv-MV58AAAAJ:iH-uZ7U-co4C,9,0,http://cis.upenn.edu/~ccb/publications/incremental-syntactic-language-models-for-phrase-based-translation.pdf,incremental-syntactic-language-models-for-phrase-based-translation,https://www.dropbox.com/request/Oqtuiwy9F3QJzQwo2ijY
Linear B System Description for the 2005 NIST MT Evaluation Exercise,17,https://scholar.google.com/citations?view_op=view_citation&hl=en&user=nv-MV58AAAAJ&pagesize=100&citation_for_view=nv-MV58AAAAJ:_kc_bZDykSQC,4,0,http://cis.upenn.edu/~ccb/publications/linear-b-system-description-for-nist-mt-eval-2005.pdf,linear-b-system-description-for-nist-mt-eval-2005,https://www.dropbox.com/request/FJt8NzXGn2CaV9gyi0M2
Semantically Informed Machine Translation (SIMT),11,https://scholar.google.com/citations?view_op=view_citation&hl=en&user=nv-MV58AAAAJ&pagesize=100&citation_for_view=nv-MV58AAAAJ:4TOpqqG69KYC,11,11,http://cis.upenn.edu/~ccb/publications/scale-2009-report.pdf,scale-2009-report,https://www.dropbox.com/request/8vETuiezk5lHkdlOXJwo
SemEval-2015 Task 1&colon; Paraphrase and Semantic Similarity in Twitter,11,https://scholar.google.com/citations?view_op=view_citation&hl=en&user=nv-MV58AAAAJ&cstart=100&pagesize=100&sortby=title&citation_for_view=nv-MV58AAAAJ:ye4kPcJQO24C,4,3,http://cis.upenn.edu/~ccb/publications/paraphrase-and-semantic-similarity-in-twitter.pdf,paraphrase-and-semantic-similarity-in-twitter,https://www.dropbox.com/request/1AyE3987yJaLnc3cEba6
Transliterating From All Languages,11,https://scholar.google.com/citations?view_op=view_citation&hl=en&user=nv-MV58AAAAJ&cstart=100&pagesize=100&sortby=title&citation_for_view=nv-MV58AAAAJ:mB3voiENLucC,3,8,http://cis.upenn.edu/~ccb/publications/transliterating-from-all-languages.pdf,transliterating-from-all-languages,https://www.dropbox.com/request/1ePGpz51aRZTAZoKxuJB
Paraphrastic Sentence Compression with a Character-based Metric&colon; Tightening without Deletion,10,https://scholar.google.com/citations?view_op=view_citation&hl=en&user=nv-MV58AAAAJ&pagesize=100&citation_for_view=nv-MV58AAAAJ:bEWYMUwI8FkC,1,3,http://cis.upenn.edu/~ccb/publications/paraphrastic-sentence-compression.pdf,paraphrastic-sentence-compression,https://www.dropbox.com/request/K3jLazZrYIr1IXN5ThXT
Monolingual Distributional Similarity for Text-to-Text Generation,10,https://scholar.google.com/citations?view_op=view_citation&hl=en&user=nv-MV58AAAAJ&pagesize=100&sortby=title&citation_for_view=nv-MV58AAAAJ:KxtntwgDAa4C,7,2,http://cis.upenn.edu/~ccb/publications/monolingual-distributional-similarity-for-text-to-text-generation.pdf,monolingual-distributional-similarity-for-text-to-text-generation,https://www.dropbox.com/request/jBlcOE6FKK37jo1bGXi5
Predicting Human-Targeted Translation Edit Rate via Untrained Human Annotators,10,https://scholar.google.com/citations?view_op=view_citation&hl=en&user=nv-MV58AAAAJ&cstart=100&pagesize=100&sortby=title&citation_for_view=nv-MV58AAAAJ:j3f4tGmQtD8C,1,1,http://cis.upenn.edu/~ccb/publications/predicting-HTER-from-untrained-annotators.pdf,predicting-HTER-from-untrained-annotators,https://www.dropbox.com/request/l5H5z9WXDxKjVFDucHt0
A Lightweight and High Performance Monolingual Word Aligner,9,https://scholar.google.com/citations?view_op=view_citation&hl=en&user=nv-MV58AAAAJ&pagesize=100&sortby=title&citation_for_view=nv-MV58AAAAJ:5Ul4iDaHHb8C,0,3,http://cis.upenn.edu/~ccb/publications/monolingual-word-aligner.pdf,monolingual-word-aligner,https://www.dropbox.com/request/pY7pDo9kVL43bnOWhIdO
Extracting Lexically Divergent Paraphrases from Twitter,9,https://scholar.google.com/citations?view_op=view_citation&hl=en&user=nv-MV58AAAAJ&pagesize=100&sortby=title&citation_for_view=nv-MV58AAAAJ:eq2jaN3J8jMC,7,4,http://cis.upenn.edu/~ccb/publications/extracting-paraphrases-from-twitter.pdf,extracting-paraphrases-from-twitter,https://www.dropbox.com/request/I6UkCNxBIn0jIP13S3aK
Hierarchical Phrase-Based Grammar Extraction in Joshua&colon; Suffix Arrays and Prefix Trees,9,https://scholar.google.com/citations?view_op=view_citation&hl=en&user=nv-MV58AAAAJ&pagesize=100&citation_for_view=nv-MV58AAAAJ:qUcmZB5y_30C,2,0,http://cis.upenn.edu/~ccb/publications/hiero-grammar-extraction-with-suffix-arrays.pdf,hiero-grammar-extraction-with-suffix-arrays,https://www.dropbox.com/request/bRg8D1SnRnDxjMG6R5FN
Joshua 5.0&colon; Sparser better faster server,9,https://scholar.google.com/citations?view_op=view_citation&hl=en&user=nv-MV58AAAAJ&pagesize=100&sortby=title&citation_for_view=nv-MV58AAAAJ:eflP2zaiRacC,3,1,http://cis.upenn.edu/~ccb/publications/joshua-5.0.pdf,joshua-5.0,https://www.dropbox.com/request/LkgceRLCE2gewNBvdF0u
Semi-Markov Phrase-based Monolingual Alignment,9,https://scholar.google.com/citations?view_op=view_citation&hl=en&user=nv-MV58AAAAJ&pagesize=100&citation_for_view=nv-MV58AAAAJ:Mojj43d5GZwC,1,5,http://cis.upenn.edu/~ccb/publications/semi-markov-phrase-based-monolingual-alignment.pdf,semi-markov-phrase-based-monolingual-alignment,https://www.dropbox.com/request/B5AUdEECPbqSDiV3cIyL
Supervised Bilingual Lexicon Induction with Multiple Monolingual Signals,9,https://scholar.google.com/citations?view_op=view_citation&hl=en&user=nv-MV58AAAAJ&cstart=100&pagesize=100&sortby=title&citation_for_view=nv-MV58AAAAJ:B3FOqHPlNUQC,4,2,http://cis.upenn.edu/~ccb/publications/supervised-bilingual-lexicon-induction.pdf,supervised-bilingual-lexicon-induction,https://www.dropbox.com/request/oJs9sbAa6uUYmj49qlYg
A Multi-Dialect Multi-Genre Corpus of Informal Written Arabic,8,https://scholar.google.com/citations?view_op=view_citation&hl=en&user=nv-MV58AAAAJ&pagesize=100&sortby=title&citation_for_view=nv-MV58AAAAJ:XiVPGOgt02cC,10,0,http://cis.upenn.edu/~ccb/publications/arabic-dialect-corpus-2.pdf,arabic-dialect-corpus-2,https://www.dropbox.com/request/En36r1s7SUs7QSFYQyZb
Affinity Measures based on the Graph Laplacian,8,https://scholar.google.com/citations?view_op=view_citation&hl=en&user=nv-MV58AAAAJ&pagesize=100&citation_for_view=nv-MV58AAAAJ:hFOr9nPyWt4C,3,5,http://cis.upenn.edu/~ccb/publications/graph-laplacian-affinity-measures.pdf,graph-laplacian-affinity-measures,https://www.dropbox.com/request/Ig63UD4vPgYpLgPBfzK6
Crowdsourced Accessibility&colon; Elicitation of Wikipedia Articles,8,https://scholar.google.com/citations?view_op=view_citation&hl=en&user=nv-MV58AAAAJ&pagesize=100&citation_for_view=nv-MV58AAAAJ:Wp0gIr-vW9MC,0,0,http://cis.upenn.edu/~ccb/publications/crowdsourced-accessibility-elicitation-of-wikipedia-articles.pdf,crowdsourced-accessibility-elicitation-of-wikipedia-articles,https://www.dropbox.com/request/7OOtzuUgQbqXCDXk5WTV
Joshua 2.0&colon; A Toolkit for Parsing-Based Machine Translationwith Syntax Semirings Discriminative Training and Other Goodies,8,https://scholar.google.com/citations?view_op=view_citation&hl=en&user=nv-MV58AAAAJ&pagesize=100&sortby=title&citation_for_view=nv-MV58AAAAJ:ns9cj8rnVeAC,0,0,http://cis.upenn.edu/~ccb/publications/joshua-2.0.pdf,joshua-2.0,https://www.dropbox.com/request/XPIyyMMturcCjkMgAaw2
PARMA&colon; A Predicate Argument Aligner,8,https://scholar.google.com/citations?view_op=view_citation&hl=en&user=nv-MV58AAAAJ&pagesize=100&sortby=title&citation_for_view=nv-MV58AAAAJ:LPZeul_q3PIC,2,1,http://cis.upenn.edu/~ccb/publications/parma.pdf,parma,https://www.dropbox.com/request/pNbJJs2paCgw2Xq3HQZu
The Language Demographics of  Amazon Mechanical Turk,8,https://scholar.google.com/citations?view_op=view_citation&hl=en&user=nv-MV58AAAAJ&cstart=20&pagesize=80&citation_for_view=nv-MV58AAAAJ:mvPsJ3kp5DgC,6,6,http://cis.upenn.edu/~ccb/publications/language-demographics-of-mechanical-turk.pdf,language-demographics-of-mechanical-turk,https://www.dropbox.com/request/wOntFfxuCaoP5UfQ2HXp
Combining Bilingual and Comparable Corpora for Low Resource Machine Translation,7,https://scholar.google.com/citations?view_op=view_citation&hl=en&user=nv-MV58AAAAJ&pagesize=100&sortby=title&citation_for_view=nv-MV58AAAAJ:eJXPG6dFmWUC,3,5,http://cis.upenn.edu/~ccb/publications/combining-bilingual-and-comparable-corpora.pdf,combining-bilingual-and-comparable-corpora,https://www.dropbox.com/request/3yLbkiRUsF3WG7rzBN3V
Integrating Output from Specialized Modules in Machine Translation&colon; Transliteration in Joshua,7,https://scholar.google.com/citations?view_op=view_citation&hl=en&user=nv-MV58AAAAJ&pagesize=100&citation_for_view=nv-MV58AAAAJ:mVmsd5A6BfQC,0,3,http://cis.upenn.edu/~ccb/publications/integrating-output-from-specialized-modules-in-machine-translation.pdf,integrating-output-from-specialized-modules-in-machine-translation,https://www.dropbox.com/request/dleEyclpm4RvPBwhCQff
Using Categorial Grammar to Label Translation Rules,7,https://scholar.google.com/citations?view_op=view_citation&hl=en&user=nv-MV58AAAAJ&pagesize=100&citation_for_view=nv-MV58AAAAJ:nb7KW1ujOQ8C,5,3,http://cis.upenn.edu/~ccb/publications/using-categorial-grammar-to-label-translation-rules.pdf,using-categorial-grammar-to-label-translation-rules,https://www.dropbox.com/request/Bgdaar9UC0LtGXG32EHR
Semantically-Informed Syntactic Machine Translation&colon; A Tree-Grafting Approach,6,https://scholar.google.com/citations?view_op=view_citation&hl=en&user=nv-MV58AAAAJ&cstart=100&pagesize=100&sortby=title&citation_for_view=nv-MV58AAAAJ:hC7cP41nSMkC,7,3,http://cis.upenn.edu/~ccb/publications/semantically-informed-syntactic-machine-translation.pdf,semantically-informed-syntactic-machine-translation,https://www.dropbox.com/request/xRmVR88B1h7GUwIA5Jhw
Statistical Natural Language Processing,6,https://scholar.google.com/citations?view_op=view_citation&hl=en&user=nv-MV58AAAAJ&pagesize=100&citation_for_view=nv-MV58AAAAJ:eMMeJKvmdy0C,4,0,http://cis.upenn.edu/~ccb/publications/statistical-natural-language-processing-chapter.pdf,statistical-natural-language-processing-chapter,https://www.dropbox.com/request/i9vbguSy2uldTxBoLEUf
Toward Statistical Machine Translation without Parallel Corpora,6,https://scholar.google.com/citations?view_op=view_citation&hl=en&user=nv-MV58AAAAJ&pagesize=100&citation_for_view=nv-MV58AAAAJ:738O_yMBCRsC,8,1,http://cis.upenn.edu/~ccb/publications/toward-statistical-machine-translation-without-parallel-corpora.pdf,toward-statistical-machine-translation-without-parallel-corpora,https://www.dropbox.com/request/5QeuKHR0w2Od1QNFXzRv
Visualizing Data Structures in Parsing-Based Machine Translation,6,https://scholar.google.com/citations?view_op=view_citation&hl=en&user=nv-MV58AAAAJ&pagesize=100&citation_for_view=nv-MV58AAAAJ:9ZlFYXVOiuMC,5,0,http://cis.upenn.edu/~ccb/publications/visualizing-data-structures-in-parsing-based-machine-translation.pdf,visualizing-data-structures-in-parsing-based-machine-translation,https://www.dropbox.com/request/2hrOiE5hSGE3ZjnamKlL
Evaluating Question Answering Systems Using FAQ Answer Injection,5,https://scholar.google.com/citations?view_op=view_citation&hl=en&user=nv-MV58AAAAJ&pagesize=100&sortby=title&citation_for_view=nv-MV58AAAAJ:HDshCWvjkbEC,2,0,http://cis.upenn.edu/~ccb/publications/evaluating-question-answering-systems-using-faq-answer-injection.pdf,evaluating-question-answering-systems-using-faq-answer-injection,https://www.dropbox.com/request/FkvLHsgbKV3GnByjYpm4
WikiTopics&colon; What is Popular on Wikipedia and Why,5,https://scholar.google.com/citations?view_op=view_citation&hl=en&user=nv-MV58AAAAJ&cstart=100&pagesize=100&sortby=title&citation_for_view=nv-MV58AAAAJ:blknAaTinKkC,7,2,http://cis.upenn.edu/~ccb/publications/wikitopics-what-is-popular-on-wikipedia-and-why.pdf,wikitopics-what-is-popular-on-wikipedia-and-why,https://www.dropbox.com/request/DmSE834FGg4Ig3feQWQr
The Multilingual Paraphrase Database,4,https://scholar.google.com/citations?view_op=view_citation&hl=en&user=nv-MV58AAAAJ&pagesize=100&citation_for_view=nv-MV58AAAAJ:olpn-zPbct0C,3,2,http://cis.upenn.edu/~ccb/publications/ppdb-multilingual.pdf,ppdb-multilingual,https://www.dropbox.com/request/BE0DXlny4XfxdCw3MiI7
"Upping the Ante for ""Best of Breed"" Machine Translation Providers",4,https://scholar.google.com/citations?view_op=view_citation&hl=en&user=nv-MV58AAAAJ&pagesize=100&citation_for_view=nv-MV58AAAAJ:QIV2ME_5wuYC,0,4,http://cis.upenn.edu/~ccb/publications/upping-the-ante.pdf,upping-the-ante,https://www.dropbox.com/request/Q7xHh0jUBxbYzo7F9Bd9
Learning to translate with products of novices&colon; a suite of open-ended challenge problems for teaching MT,3,https://scholar.google.com/citations?view_op=view_citation&hl=en&user=nv-MV58AAAAJ&pagesize=100&sortby=title&citation_for_view=nv-MV58AAAAJ:l7t_Zn2s7bgC,3,1,http://cis.upenn.edu/~ccb/publications/teaching-machine-translation.pdf,teaching-machine-translation,https://www.dropbox.com/request/CC0qu5tterYRoBpUPVOT
An Algerian Arabic-French Code-Switched Corpus,2,https://scholar.google.com/citations?view_op=view_citation&hl=en&user=nv-MV58AAAAJ&cstart=100&pagesize=100&citation_for_view=nv-MV58AAAAJ:bnK-pcrLprsC,0,0,http://cis.upenn.edu/~ccb/publications/arabic-french-codeswitching.pdf,arabic-french-codeswitching,https://www.dropbox.com/request/ctyCzlcQaJKRpybqRsGI
Are Two Heads are Better than One? Crowdsourced Translation via a Two-Step Collaboration between Translators and Editors,2,https://scholar.google.com/citations?view_op=view_citation&hl=en&user=nv-MV58AAAAJ&cstart=100&pagesize=100&citation_for_view=nv-MV58AAAAJ:t6usbXjVLHcC,5,3,http://cis.upenn.edu/~ccb/publications/crowdsourced-translation-via-collaboration-between-translators-and-editors.pdf,crowdsourced-translation-via-collaboration-between-translators-and-editors,https://www.dropbox.com/request/DmaZDIIxRE5vWwZFZC2O
Crowd-Workers&colon; Aggregating Information Across Turkers To Help Them Find Higher Paying Work,2,https://scholar.google.com/citations?view_op=view_citation&hl=en&user=nv-MV58AAAAJ&pagesize=100&sortby=title&citation_for_view=nv-MV58AAAAJ:5awf1xo2G04C,2,0,http://cis.upenn.edu/~ccb/publications/crowd-workers.pdf,crowd-workers,https://www.dropbox.com/request/TLDGBElIEx1fjsUNlpSr
Expectations of Word Sense in Parallel Corpora,2,https://scholar.google.com/citations?view_op=view_citation&hl=en&user=nv-MV58AAAAJ&cstart=100&pagesize=100&citation_for_view=nv-MV58AAAAJ:uWQEDVKXjbEC,2,2,http://cis.upenn.edu/~ccb/publications/expectations-of-word-sense-in-parallel-corpora.pdf,expectations-of-word-sense-in-parallel-corpora,https://www.dropbox.com/request/fplBJeTiKSyK5uXn6Yea
Hallucinating Phrase Translations for Low Resource MT,2,https://scholar.google.com/citations?view_op=view_citation&hl=en&user=nv-MV58AAAAJ&pagesize=100&sortby=title&citation_for_view=nv-MV58AAAAJ:HE397vMXCloC,3,4,http://cis.upenn.edu/~ccb/publications/hallucinating-phrase-translations.pdf,hallucinating-phrase-translations,https://www.dropbox.com/request/eVQ5IzYTCoQBxSr48aht
Processing Informal Romanized Pakistani Text Messages,2,https://scholar.google.com/citations?view_op=view_citation&hl=en&user=nv-MV58AAAAJ&cstart=100&pagesize=100&citation_for_view=nv-MV58AAAAJ:SP6oXDckpogC,4,2,http://cis.upenn.edu/~ccb/publications/pakistani-SMS-corpus.pdf,pakistani-SMS-corpus,https://www.dropbox.com/request/H2C99uCBzGd24WV0bvLN
A Computer Model of a Grammar for English Questions,1,https://scholar.google.com/citations?view_op=view_citation&hl=en&user=nv-MV58AAAAJ&cstart=100&pagesize=100&citation_for_view=nv-MV58AAAAJ:4JMBOYKVnBMC,11,0,http://cis.upenn.edu/~ccb/publications/computer-model-of-a-grammar-for-english-questions.pdf,computer-model-of-a-grammar-for-english-questions,https://www.dropbox.com/request/nKm1uDTYDZdHfJhbbsSW
Crowdsourcing for Grammatical Error Correction,1,https://scholar.google.com/citations?view_op=view_citation&hl=en&user=nv-MV58AAAAJ&cstart=100&pagesize=100&citation_for_view=nv-MV58AAAAJ:kRWSkSYxWN8C,3,2,http://cis.upenn.edu/~ccb/publications/crowdsourcing-for-grammatical-error-correction.pdf,crowdsourcing-for-grammatical-error-correction,https://www.dropbox.com/request/IEonw1oEhvOcxULnDrU2
Improved Speech-to-Text Translation with the Fisher and Callhome Spanish–English Speech Translation Corpus,1,https://scholar.google.com/citations?view_op=view_citation&hl=en&user=nv-MV58AAAAJ&pagesize=100&sortby=title&citation_for_view=nv-MV58AAAAJ:q3oQSFYPqjQC,2,5,http://cis.upenn.edu/~ccb/publications/improved-speech-to-speech-translation.pdf,improved-speech-to-speech-translation,https://www.dropbox.com/request/1LDzPYBTyTVeWtSV10fT
PARADIGM&colon; Paraphrase Diagnostics through Grammar Matching,1,https://scholar.google.com/citations?view_op=view_citation&hl=en&user=nv-MV58AAAAJ&pagesize=100&sortby=title&citation_for_view=nv-MV58AAAAJ:wbdj-CoPYUoC,4,7,http://cis.upenn.edu/~ccb/publications/paradigm-paraphrase-evaluation.pdf,paradigm-paraphrase-evaluation,https://www.dropbox.com/request/DjyFJnHa5f5E9ohefbOq
Poetry of the Crowd&colon; A Human Computation Algorithm to Convert Prose into Rhyming Verse,1,https://scholar.google.com/citations?view_op=view_citation&hl=en&user=nv-MV58AAAAJ&cstart=100&pagesize=100&citation_for_view=nv-MV58AAAAJ:SdhP9T11ey4C,3,0,http://cis.upenn.edu/~ccb/publications/poetry-generation-with-crowdsourcing.pdf,poetry-generation-with-crowdsourcing,https://www.dropbox.com/request/amOtL3tL7KGazLEKWjG6
Problems in Current Text Simplification Research&colon; New Data Can Help,1,https://scholar.google.com/citations?view_op=view_citation&hl=en&user=nv-MV58AAAAJ&cstart=100&pagesize=100&citation_for_view=nv-MV58AAAAJ:VL0QpB8kHFEC,3,9,http://cis.upenn.edu/~ccb/publications/new-data-for-text-simplification.pdf,new-data-for-text-simplification,https://www.dropbox.com/request/m1xqlTPZ1xkIoTAlJVrz
Searchable Translation Memories,1,https://scholar.google.com/citations?view_op=view_citation&hl=en&user=nv-MV58AAAAJ&cstart=100&pagesize=100&sortby=title&citation_for_view=nv-MV58AAAAJ:r0BpntZqJG4C,5,0,http://cis.upenn.edu/~ccb/publications/searchable-translation-memories.pdf,searchable-translation-memories,https://www.dropbox.com/request/q6vrQuKe6VBmbW33AeGx
Using Comparable Corpora to Adapt MT Models to New Domains,1,https://scholar.google.com/citations?view_op=view_citation&hl=en&user=nv-MV58AAAAJ&cstart=100&pagesize=100&sortby=title&citation_for_view=nv-MV58AAAAJ:WA5NYHcadZ8C,0,3,http://cis.upenn.edu/~ccb/publications/using-comparable-corpora-for-mt-adaptation.pdf,using-comparable-corpora-for-mt-adaptation,https://www.dropbox.com/request/Q7SIioMvO5W3nNqHTXce
Adding Semantics to Data-Driven Paraphrasing,0,,8,9,http://cis.upenn.edu/~ccb/publications/adding-semantics-to-data-driven-paraphrasing.pdf,adding-semantics-to-data-driven-paraphrasing,https://www.dropbox.com/request/ywJ0k3Xv3T9YT4CDrDWS
Cost Optimization for Crowdsourcing Translation,0,https://scholar.google.com/citations?view_op=view_citation&hl=en&user=nv-MV58AAAAJ&cstart=100&pagesize=100&citation_for_view=nv-MV58AAAAJ:N5tVd3kTz84C,4,4,http://cis.upenn.edu/~ccb/publications/cost-optimization-for-crowdsourcing-translation.pdf,cost-optimization-for-crowdsourcing-translation,https://www.dropbox.com/request/yOkXESxqA1LNGlMeEJFh
Findings of the 2012 Workshop on Statistical Machine Translation,0,,2,11,http://cis.upenn.edu/~ccb/publications/findings-of-the-wmt12-shared-tasks.pdf,findings-of-the-wmt12-shared-tasks,https://www.dropbox.com/request/OHSPihXt2D3RcmClBFNh
Findings of the 2013 Workshop on Statistical Machine Translation,0,,8,11,http://cis.upenn.edu/~ccb/publications/findings-of-the-wmt13-shared-tasks.pdf,findings-of-the-wmt13-shared-tasks,https://www.dropbox.com/request/hSGZ97lJpzWSdKlNRZt0
The American Local News Corpus,0,https://scholar.google.com/citations?view_op=view_citation&hl=en&user=nv-MV58AAAAJ&cstart=100&pagesize=100&sortby=title&citation_for_view=nv-MV58AAAAJ:5ugPr518TE4C,5,0,http://cis.upenn.edu/~ccb/publications/american-local-news-corpus.pdf,american-local-news-corpus,https://www.dropbox.com/request/W2qldSXzkFY5fjXy5SAS
Translations of the CALLHOME Egyptian Arabic corpus for conversational speech translation,0,https://scholar.google.com/citations?view_op=view_citation&hl=en&user=nv-MV58AAAAJ&cstart=100&pagesize=100&sortby=title&citation_for_view=nv-MV58AAAAJ:LjlpjdlvIbIC,0,6,http://cis.upenn.edu/~ccb/publications/callhome-egyptian-arabic-speech-translations.pdf,callhome-egyptian-arabic-speech-translations,https://www.dropbox.com/request/Sm0zBIRrvjAegXt9kzki